Date,APPLE,MICROSOFT
2020-01-02,73.15264892578125,154.77955627441406
2020-01-03,72.44145965576172,152.8522491455078
2020-01-06,73.01868438720703,153.24732971191406
2020-01-07,72.67527770996094,151.85006713867188
2020-01-08,73.84434509277344,154.26878356933594
2020-01-09,75.4128646850586,156.196044921875
2020-01-10,75.58336639404297,155.47335815429688
2020-01-13,77.19813537597656,157.34280395507812
2020-01-14,76.15573120117188,156.23463439941406
2020-01-15,75.829345703125,157.24642944335938
2020-01-16,76.77922058105469,160.1277313232422
2020-01-17,77.62924194335938,161.0238800048828
2020-01-21,77.10315704345703,160.44573974609375
2020-01-22,77.37838745117188,159.67481994628906
2020-01-23,77.75103759765625,160.65773010253906
2020-01-24,77.52694702148438,159.03880310058594
2020-01-27,75.24724578857422,156.379150390625
2020-01-28,77.37594604492188,159.4435577392578
2020-01-29,78.99559020996094,161.92970275878906
2020-01-30,78.8811264038086,166.49737548828125
2020-01-31,75.38365936279297,164.0400848388672
2020-02-03,75.17662048339844,168.03916931152344
2020-02-04,77.65847778320312,173.5704345703125
2020-02-05,78.29173278808594,173.3584747314453
2020-02-06,79.20748901367188,176.95281982421875
2020-02-07,78.13086700439453,177.20338439941406
2020-02-10,78.50194549560547,181.83851623535156
2020-02-11,78.02831268310547,177.73336791992188
2020-02-12,79.88131713867188,177.9935760498047
2020-02-13,79.3124771118164,177.0299530029297
2020-02-14,79.3320083618164,178.6102752685547
2020-02-18,77.87940216064453,180.42190551757812
2020-02-19,79.0073013305664,180.9630126953125
2020-02-20,78.19676971435547,178.1995086669922
2020-02-21,76.42679595947266,172.566162109375
2020-02-24,72.79647827148438,165.12588500976562
2020-02-25,70.33070373535156,162.40101623535156
2020-02-26,71.4464111328125,164.43016052246094
2020-02-27,66.77608489990234,152.84458923339844
2020-02-28,66.73703002929688,156.5453643798828
2020-03-02,72.9502944946289,166.9617919921875
2020-03-03,70.63343048095703,158.96107482910156
2020-03-04,73.90973663330078,164.79733276367188
2020-03-05,71.5123291015625,160.66172790527344
2020-03-06,70.56261444091797,156.12026977539062
2020-03-09,64.98169708251953,145.53961181640625
2020-03-10,69.6617660522461,155.49215698242188
2020-03-11,67.24240112304688,148.44805908203125
2020-03-12,60.60189437866211,134.3694610595703
2020-03-13,67.86248016357422,153.4727020263672
2020-03-16,59.13219451904297,130.85226440429688
2020-03-17,61.732234954833984,141.626220703125
2020-03-18,60.22104263305664,135.66427612304688
2020-03-19,59.759620666503906,137.89639282226562
2020-03-20,55.965755462646484,132.7172088623047
2020-03-23,54.77680206298828,131.39341735839844
2020-03-24,60.272308349609375,143.33651733398438
2020-03-25,59.94028854370117,141.96437072753906
2020-03-26,63.09451675415039,150.84442138671875
2020-03-27,60.48226547241211,144.65065002441406
2020-03-30,62.20830535888672,154.82542419433594
2020-03-31,62.081356048583984,152.3904571533203
2020-04-01,58.814823150634766,146.9793701171875
2020-04-02,59.79623794555664,150.0230712890625
2020-04-03,58.93688201904297,148.64132690429688
2020-04-06,64.07838439941406,159.69546508789062
2020-04-07,63.33621597290039,157.97552490234375
2020-04-08,64.95728302001953,159.56019592285156
2020-04-09,65.42599487304688,159.56982421875
2020-04-13,66.71018981933594,159.9273681640625
2020-04-14,70.07926177978516,167.84112548828125
2020-04-15,69.43962097167969,166.08248901367188
2020-04-16,69.99136352539062,171.06842041015625
2020-04-17,69.04167175292969,172.57582092285156
2020-04-20,67.60858154296875,169.15524291992188
2020-04-21,65.51878356933594,162.15943908691406
2020-04-22,67.40596008300781,167.66714477539062
2020-04-23,67.14474487304688,165.63800048828125
2020-04-24,69.08316802978516,168.6624298095703
2020-04-27,69.13201141357422,168.17929077148438
2020-04-28,68.01141357421875,164.08233642578125
2020-04-29,70.24525451660156,171.44528198242188
2020-04-30,71.72716522216797,173.1652374267578
2020-05-01,70.5724105834961,168.6817626953125
2020-05-04,71.5709228515625,172.80772399902344
2020-05-05,72.6451187133789,174.6629638671875
2020-05-06,73.39461517333984,176.3829345703125
2020-05-07,74.15386962890625,177.4071807861328
2020-05-08,75.91887664794922,178.45071411132812
2020-05-11,77.11346435546875,180.44126892089844
2020-05-12,76.2322006225586,176.3539581298828
2020-05-13,75.31178283691406,173.68704223632812
2020-05-14,75.7744369506836,174.4407196044922
2020-05-15,75.32646179199219,176.98204040527344
2020-05-18,77.10123443603516,178.67298889160156
2020-05-19,76.65570068359375,177.43614196777344
2020-05-20,78.14652252197266,179.8973388671875
2020-05-21,77.56391143798828,177.73651123046875
2020-05-22,78.06330108642578,177.81405639648438
2020-05-26,77.53453063964844,175.93431091308594
2020-05-27,77.87234497070312,176.1668243408203
2020-05-28,77.90663146972656,175.76956176757812
2020-05-29,77.83074188232422,177.56214904785156
2020-06-01,78.78787994384766,177.1551513671875
2020-06-02,79.15262603759766,179.1706085205078
2020-06-03,79.58836364746094,179.6066436767578
2020-06-04,78.90293884277344,177.2423553466797
2020-06-05,81.1501693725586,181.38949584960938
2020-06-08,81.62998962402344,182.51353454589844
2020-06-09,84.20769500732422,183.9088134765625
2020-06-10,86.37413024902344,190.73031616210938
2020-06-11,82.2272720336914,180.48838806152344
2020-06-12,82.93720245361328,181.9127655029297
2020-06-15,83.96289825439453,183.07554626464844
2020-06-16,86.18809509277344,187.5618133544922
2020-06-17,86.0681381225586,188.21099853515625
2020-06-18,86.10242462158203,190.22645568847656
2020-06-19,85.6103744506836,189.09274291992188
2020-06-22,87.85027313232422,194.3445281982422
2020-06-23,89.72541809082031,195.64292907714844
2020-06-24,88.14157104492188,191.69927978515625
2020-06-25,89.31169128417969,194.12164306640625
2020-06-26,86.56754302978516,190.2361602783203
2020-06-29,88.5626220703125,192.28065490722656
2020-06-30,89.3019027709961,197.1932830810547
2020-07-01,89.13299560546875,198.34634399414062
2020-07-02,89.13299560546875,199.85792541503906
2020-07-06,91.51732635498047,204.16012573242188
2020-07-07,91.23336791992188,201.78614807128906
2020-07-08,93.35819244384766,206.22396850585938
2020-07-09,93.75967407226562,207.667724609375
2020-07-10,93.9236831665039,207.0379180908203
2020-07-13,93.49040222167969,200.64279174804688
2020-07-14,95.0374984741211,201.88307189941406
2020-07-15,95.69110107421875,201.58267211914062
2020-07-16,94.51364135742188,197.59054565429688
2020-07-17,94.32270050048828,196.5828094482422
2020-07-20,96.31046295166016,205.0321807861328
2020-07-21,94.98119354248047,202.27061462402344
2020-07-22,95.24803161621094,205.1775360107422
2020-07-23,90.91266632080078,196.2533721923828
2020-07-24,90.68746185302734,195.05189514160156
2020-07-27,92.83677673339844,197.52276611328125
2020-07-28,91.31170654296875,195.7495574951172
2020-07-29,93.0619888305664,197.72622680664062
2020-07-30,94.18806457519531,197.57118225097656
2020-07-31,104.04849243164062,198.64669799804688
2020-08-03,106.6702651977539,209.81884765625
2020-08-04,107.38260650634766,206.66970825195312
2020-08-05,107.77184295654297,206.33056640625
2020-08-06,111.53192901611328,209.63473510742188
2020-08-07,108.99617767333984,205.8848876953125
2020-08-10,110.58039093017578,201.78614807128906
2020-08-11,107.29175567626953,197.06732177734375
2020-08-12,110.85751342773438,202.69696044921875
2020-08-13,112.81942749023438,202.22222900390625
2020-08-14,112.7188720703125,202.4159698486328
2020-08-17,112.4245834350586,203.75315856933594
2020-08-18,113.36139678955078,204.9255828857422
2020-08-19,113.50361633300781,203.6823272705078
2020-08-20,116.02222442626953,208.42230224609375
2020-08-21,122.00113677978516,206.9070587158203
2020-08-24,123.46031188964844,207.55784606933594
2020-08-25,122.44747924804688,210.258056640625
2020-08-26,124.1126480102539,214.8037567138672
2020-08-27,122.62894439697266,220.07789611816406
2020-08-28,122.43032836914062,222.34103393554688
2020-08-31,126.58219909667969,219.0580596923828
2020-09-01,131.62429809570312,220.74813842773438
2020-09-02,128.89724731445312,225.00247192382812
2020-09-03,118.5776138305664,211.0642547607422
2020-09-04,118.65609741210938,208.10174560546875
2020-09-08,110.67113494873047,196.84432983398438
2020-09-09,115.08541870117188,205.22669982910156
2020-09-10,111.328369140625,199.4766082763672
2020-09-11,109.86676025390625,198.17503356933594
2020-09-14,113.16275024414062,199.51544189453125
2020-09-15,113.33931732177734,202.7887420654297
2020-09-16,109.99427795410156,199.16575622558594
2020-09-17,108.23835754394531,197.087158203125
2020-09-18,104.80503845214844,194.63949584960938
2020-09-21,107.98332977294922,196.72779846191406
2020-09-22,109.68038177490234,201.4677276611328
2020-09-23,105.07970428466797,194.83375549316406
2020-09-24,106.15875244140625,197.35916137695312
2020-09-25,110.14140319824219,201.85626220703125
2020-09-28,112.7703857421875,203.4298095703125
2020-09-29,111.91693878173828,201.3123321533203
2020-09-30,113.60418701171875,204.29425048828125
2020-10-01,114.56552124023438,206.36314392089844
2020-10-02,110.8673095703125,200.27304077148438
2020-10-05,114.28104400634766,204.3428497314453
2020-10-06,111.0046615600586,200.00111389160156
2020-10-07,112.88809967041016,203.80860900878906
2020-10-08,112.78018188476562,204.53707885742188
2020-10-09,114.74209594726562,209.6169891357422
2020-10-12,122.03058624267578,215.0465545654297
2020-10-13,118.79342651367188,216.46469116210938
2020-10-14,118.8817138671875,214.52207946777344
2020-10-15,118.41085815429688,213.3564910888672
2020-10-16,116.75304412841797,213.3564910888672
2020-10-19,113.77095031738281,208.0726318359375
2020-10-20,115.27182006835938,208.49029541015625
2020-10-21,114.64400482177734,208.635986328125
2020-10-22,113.54532623291016,208.723388671875
2020-10-23,112.84886169433594,210.02491760253906
2020-10-26,112.8586654663086,204.05142211914062
2020-10-27,114.37914276123047,207.13043212890625
2020-10-28,109.08199310302734,196.86378479003906
2020-10-29,113.12351989746094,198.84523010253906
2020-10-30,106.78655242919922,196.65980529785156
2020-11-02,106.69827270507812,196.52383422851562
2020-11-03,108.33647155761719,200.50616455078125
2020-11-04,112.76055908203125,210.18035888671875
2020-11-05,116.7628402709961,216.88232421875
2020-11-06,116.63020324707031,217.29998779296875
2020-11-09,114.30133056640625,212.12295532226562
2020-11-10,113.9573974609375,204.95474243164062
2020-11-11,117.41632080078125,210.3357696533203
2020-11-12,117.14117431640625,209.25762939453125
2020-11-13,117.19029998779297,210.29690551757812
2020-11-16,118.21224975585938,210.99623107910156
2020-11-17,117.31804656982422,208.30572509765625
2020-11-18,115.98164367675781,205.55947875976562
2020-11-19,116.58106994628906,206.8644256591797
2020-11-20,115.30361938476562,204.8875274658203
2020-11-23,111.87420654296875,204.6148681640625
2020-11-24,113.17127990722656,208.2667999267578
2020-11-25,114.01636505126953,208.27651977539062
2020-11-27,114.566650390625,209.60092163085938
2020-11-30,116.98394775390625,208.47129821777344
2020-12-01,120.59025573730469,210.55535888671875
2020-12-02,120.94402313232422,209.73728942871094
2020-12-03,120.80644989013672,208.63687133789062
2020-12-04,120.12841033935547,208.7537078857422
2020-12-07,121.60238647460938,208.6855010986328
2020-12-08,122.22145080566406,210.3605499267578
2020-12-09,119.66656494140625,206.26068115234375
2020-12-10,121.1012191772461,205.01412963867188
2020-12-11,120.28563690185547,207.68246459960938
2020-12-14,119.66656494140625,208.59791564941406
2020-12-15,125.66070556640625,208.5297088623047
2020-12-16,125.59192657470703,213.54502868652344
2020-12-17,126.46647644042969,213.68136596679688
2020-12-18,124.4618911743164,212.87307739257812
2020-12-21,126.00463104248047,216.76846313476562
2020-12-22,129.59129333496094,218.08314514160156
2020-12-23,128.68727111816406,215.23953247070312
2020-12-24,129.67971801757812,216.92425537109375
2020-12-28,134.3178253173828,219.07650756835938
2020-12-29,132.52940368652344,218.28765869140625
2020-12-30,131.3993682861328,215.88223266601562
2020-12-31,130.3872528076172,216.60289001464844
2021-01-04,127.16415405273438,211.99661254882812
2021-01-05,128.73635864257812,212.20111083984375
2021-01-06,124.40292358398438,206.6988983154297
2021-01-07,128.64793395996094,212.5808868408203
2021-01-08,129.75836181640625,213.87612915039062
2021-01-11,126.7416000366211,211.80186462402344
2021-01-12,126.56476593017578,209.30877685546875
2021-01-13,128.6184539794922,210.68191528320312
2021-01-14,126.67284393310547,207.44876098632812
2021-01-15,124.93354034423828,207.08840942382812
2021-01-19,125.611572265625,210.7793426513672
2021-01-20,129.73870849609375,218.47265625
2021-01-21,134.4946746826172,219.086181640625
2021-01-22,136.65652465820312,220.04058837890625
2021-01-25,140.43968200683594,223.5269775390625
2021-01-26,140.67556762695312,226.2537078857422
2021-01-27,139.5946044921875,226.80880737304688
2021-01-28,134.71087646484375,232.6811065673828
2021-01-29,129.669921875,225.89340209960938
2021-02-01,131.81207275390625,233.3822479248047
2021-02-02,132.64732360839844,233.24595642089844
2021-02-03,131.6155548095703,236.64466857910156
2021-02-04,135.0056610107422,235.6805419921875
2021-02-05,134.58741760253906,235.8656005859375
2021-02-08,134.7350311279297,236.12852478027344
2021-02-09,133.84933471679688,237.39453125
2021-02-10,133.23916625976562,236.4693603515625
2021-02-11,132.98330688476562,238.09568786621094
2021-02-12,133.21949768066406,238.58261108398438
2021-02-16,131.0741424560547,237.32635498046875
2021-02-17,128.761474609375,238.36099243164062
2021-02-18,127.64942932128906,237.96078491210938
2021-02-19,127.80685424804688,235.208251953125
2021-02-22,123.99835205078125,228.90269470214844
2021-02-23,123.86058807373047,227.69236755371094
2021-02-24,123.35868072509766,228.94175720214844
2021-02-25,119.06793212890625,223.5146942138672
2021-02-26,119.33364868164062,226.82363891601562
2021-03-01,125.7599105834961,231.27459716796875
2021-03-02,123.13233184814453,228.27801513671875
2021-03-03,120.12094116210938,222.11886596679688
2021-03-04,118.22159576416016,221.30873107910156
2021-03-05,119.49110412597656,226.0623016357422
2021-03-08,114.5114974975586,221.95294189453125
2021-03-09,119.16634368896484,228.19015502929688
2021-03-10,118.0739974975586,226.8626708984375
2021-03-11,120.02253723144531,231.4600830078125
2021-03-12,119.10731506347656,230.113037109375
2021-03-15,122.02027130126953,229.19552612304688
2021-03-16,123.57518005371094,232.0261688232422
2021-03-17,122.77806091308594,231.37217712402344
2021-03-18,118.61524200439453,225.2033233642578
2021-03-19,118.08383178710938,224.84219360351562
2021-03-22,121.4298095703125,230.3472900390625
2021-03-23,120.59331512451172,231.8992919921875
2021-03-24,118.1822280883789,229.83001708984375
2021-03-25,118.67428588867188,226.7845916748047
2021-03-26,119.28445434570312,230.8256072998047
2021-03-29,119.46159362792969,229.61524963378906
2021-03-30,117.99524688720703,226.3063201904297
2021-03-31,120.20950317382812,230.132568359375
2021-04-01,121.04600524902344,236.55523681640625
2021-04-05,123.89994812011719,243.11456298828125
2021-04-06,124.20500946044922,241.93348693847656
2021-04-07,125.86817932128906,243.9247283935547
2021-04-08,128.28909301757812,247.1946563720703
2021-04-09,130.88714599609375,249.73245239257812
2021-04-12,129.15512084960938,249.79100036621094
2021-04-13,132.29443359375,252.3092803955078
2021-04-14,129.9325714111328,249.4786376953125
2021-04-15,132.36331176757812,253.29522705078125
2021-04-16,132.02871704101562,254.5054931640625
2021-04-19,132.69790649414062,252.5533447265625
2021-04-20,130.99542236328125,252.0848388671875
2021-04-21,131.3792266845703,254.34933471679688
2021-04-22,129.84400939941406,251.02085876464844
2021-04-23,132.18617248535156,254.90570068359375
2021-04-26,132.579833984375,255.296142578125
2021-04-27,132.25506591796875,255.70611572265625
2021-04-28,131.45791625976562,248.47329711914062
2021-04-29,131.35952758789062,246.47232055664062
2021-04-30,129.3716583251953,246.1501922607422
2021-05-03,130.43443298339844,245.83787536621094
2021-05-04,125.81897735595703,241.8651580810547
2021-05-05,126.06501007080078,240.5767364501953
2021-05-06,127.67894744873047,243.7587890625
2021-05-07,128.359130859375,246.42352294921875
2021-05-10,125.0468978881836,241.26974487304688
2021-05-11,124.1202621459961,240.34246826171875
2021-05-12,121.0248794555664,233.28533935546875
2021-05-13,123.19361877441406,237.218994140625
2021-05-14,125.63835144042969,242.21653747558594
2021-05-17,124.47513580322266,239.31756591796875
2021-05-18,123.07533264160156,237.26780700683594
2021-05-19,122.9176025390625,237.85479736328125
2021-05-20,125.50035858154297,241.14202880859375
2021-05-21,123.64706420898438,239.8603973388672
2021-05-24,125.29334259033203,245.34889221191406
2021-05-25,125.09617614746094,246.26853942871094
2021-05-26,125.0468978881836,246.04351806640625
2021-05-27,123.49920654296875,243.91075134277344
2021-05-28,122.83873748779297,244.27273559570312
2021-06-01,122.51342010498047,242.04209899902344
2021-06-02,123.2823486328125,241.9442901611328
2021-06-03,121.78394317626953,240.3887481689453
2021-06-04,124.10054016113281,245.35870361328125
2021-06-07,124.11040496826172,248.31324768066406
2021-06-08,124.93846130371094,247.1001434326172
2021-06-09,125.32290649414062,248.09803771972656
2021-06-10,124.31741333007812,251.66897583007812
2021-06-11,125.53978729248047,252.304931640625
2021-06-14,128.6252899169922,254.26161193847656
2021-06-15,127.7972183227539,252.76473999023438
2021-06-16,128.29998779296875,251.8059539794922
2021-06-17,129.91665649414062,255.24972534179688
2021-06-18,128.60557556152344,253.81161499023438
2021-06-21,130.41943359375,256.9422912597656
2021-06-22,132.07554626464844,259.7599182128906
2021-06-23,131.7995147705078,259.5250244140625
2021-06-24,131.51364135742188,260.91436767578125
2021-06-25,131.21792602539062,259.2804870605469
2021-06-28,132.86416625976562,262.900390625
2021-06-29,134.3921356201172,265.5223388671875
2021-06-30,135.01316833496094,265.03314208984375
2021-07-01,135.3188018798828,265.7180480957031
2021-07-02,137.97055053710938,271.6369934082031
2021-07-06,140.0012664794922,271.64678955078125
2021-07-07,142.5150146484375,273.8675842285156
2021-07-08,141.2039031982422,271.4119567871094
2021-07-09,143.04730224609375,271.9207458496094
2021-07-12,142.44602966308594,271.3141174316406
2021-07-13,143.5697784423828,274.8948974609375
2021-07-14,147.0298614501953,276.3917236328125
2021-07-15,146.3694610595703,274.94378662109375
2021-07-16,144.3091278076172,274.66986083984375
2021-07-19,140.4251251220703,271.0108337402344
2021-07-20,144.07254028320312,273.2708435058594
2021-07-21,143.33319091796875,275.3057861328125
2021-07-22,144.71331787109375,279.9431457519531
2021-07-23,146.44827270507812,283.39666748046875
2021-07-26,146.87220764160156,282.7901306152344
2021-07-27,144.68373107910156,280.3345031738281
2021-07-28,142.91917419433594,280.0213928222656
2021-07-29,143.5697784423828,280.29534912109375
2021-07-30,143.78663635253906,278.73974609375
2021-08-02,143.45150756835938,278.6517333984375
2021-08-03,145.2653350830078,280.90185546875
2021-08-04,144.86117553710938,280.30511474609375
2021-08-05,144.96958923339844,283.2498779296875
2021-08-06,144.2785186767578,283.19122314453125
2021-08-09,144.22915649414062,282.0856628417969
2021-08-10,143.7454071044922,280.23663330078125
2021-08-11,144.00209045410156,280.735595703125
2021-08-12,146.99349975585938,283.5336608886719
2021-08-13,147.2008514404297,286.5078125
2021-08-16,149.19508361816406,288.219970703125
2021-08-17,148.2769775390625,286.7327880859375
2021-08-18,144.49571228027344,284.97821044921875
2021-08-19,144.83140563964844,290.89874267578125
2021-08-20,146.30242919921875,298.3385925292969
2021-08-23,147.8031005859375,298.62286376953125
2021-08-24,147.7141876220703,296.63299560546875
2021-08-25,146.47023010253906,296.03509521484375
2021-08-26,145.66070556640625,293.1728210449219
2021-08-27,146.70721435546875,293.7903747558594
2021-08-30,151.16961669921875,297.58380126953125
2021-08-31,149.89605712890625,295.90765380859375
2021-09-01,150.56739807128906,295.8586120605469
2021-09-02,151.69285583496094,295.1921081542969
2021-09-03,152.33460998535156,295.1822814941406
2021-09-07,154.69415283203125,294.2412414550781
2021-09-08,153.13427734375,294.27069091796875
2021-09-09,152.10755920410156,291.36920166015625
2021-09-10,147.072509765625,289.85968017578125
2021-09-13,147.6450958251953,291.1144104003906
2021-09-14,146.23329162597656,293.8590393066406
2021-09-15,147.1317138671875,298.7895202636719
2021-09-16,146.894775390625,299.18157958984375
2021-09-17,144.19955444335938,293.9374084472656
2021-09-20,141.1193084716797,288.4776306152344
2021-09-21,141.60304260253906,288.9676818847656
2021-09-22,143.9922332763672,292.6728515625
2021-09-23,144.95974731445312,293.633544921875
2021-09-24,145.04859924316406,293.4277038574219
2021-09-27,143.51832580566406,288.3502197265625
2021-09-28,140.10243225097656,277.91082763671875
2021-09-29,141.0106964111328,278.3813781738281
2021-09-30,139.69764709472656,276.342529296875
2021-10-01,140.8329620361328,283.3804626464844
2021-10-04,137.36770629882812,277.5089416503906
2021-10-05,139.3126220703125,283.0472106933594
2021-10-06,140.19129943847656,287.31109619140625
2021-10-07,141.46482849121094,289.0167541503906
2021-10-08,141.07980346679688,289.0167541503906
2021-10-11,140.99095153808594,288.40899658203125
2021-10-12,139.70751953125,287.0857238769531
2021-10-13,139.11514282226562,290.4478454589844
2021-10-14,141.92886352539062,296.7604064941406
2021-10-15,142.9951171875,298.1915588378906
2021-10-18,144.68331909179688,301.2106018066406
2021-10-19,146.86514282226562,302.13201904296875
2021-10-20,147.35877990722656,301.3282165527344
2021-10-21,147.57601928710938,304.61199951171875
2021-10-22,146.79608154296875,303.04364013671875
2021-10-25,146.74667358398438,302.0340270996094
2021-10-26,147.41806030273438,303.97479248046875
2021-10-27,146.9540252685547,316.7764587402344
2021-10-28,150.62664794921875,317.93310546875
2021-10-29,147.8919219970703,325.0592346191406
2021-11-01,147.0626220703125,322.8537902832031
2021-11-02,148.10911560058594,326.5393371582031
2021-11-03,149.56040954589844,327.3921813964844
2021-11-04,149.03712463378906,329.783935546875
2021-11-05,149.571044921875,329.4114074707031
2021-11-08,148.7405242919922,330.322998046875
2021-11-09,149.10633850097656,329.3036193847656
2021-11-10,146.2490234375,324.2554931640625
2021-11-11,146.19955444335938,325.853271484375
2021-11-12,148.29562377929688,330.05841064453125
2021-11-15,148.30551147460938,329.4212951660156
2021-11-16,149.29421997070312,332.793212890625
2021-11-17,151.75607299804688,333.01904296875
2021-11-18,156.0865936279297,335.1303405761719
2021-11-19,158.73631286621094,336.937255859375
2021-11-22,159.20101928710938,333.7162780761719
2021-11-23,159.58660888671875,331.60491943359375
2021-11-24,160.1106414794922,331.830810546875
2021-11-26,155.03857421875,323.74884033203125
2021-11-29,158.42982482910156,330.5738220214844
2021-11-30,163.4326629638672,324.6424865722656
2021-12-01,162.9086456298828,324.14166259765625
2021-12-02,161.91004943847656,323.562255859375
2021-12-03,160.01173400878906,317.1988830566406
2021-12-06,163.45242309570312,320.3216857910156
2021-12-07,169.2462158203125,328.89459228515625
2021-12-08,173.1021728515625,328.9436950683594
2021-12-09,172.5880584716797,327.1073303222656
2021-12-10,177.4228057861328,336.37750244140625
2021-12-13,173.75474548339844,333.2939453125
2021-12-14,172.3606414794922,322.4329528808594
2021-12-15,177.27450561523438,328.62945556640625
2021-12-16,170.3140106201172,319.0549011230469
2021-12-17,169.20669555664062,317.9746398925781
2021-12-20,167.83236694335938,314.15460205078125
2021-12-21,171.03579711914062,321.40185546875
2021-12-22,173.65586853027344,327.20556640625
2021-12-23,174.2886199951172,328.6687927246094
2021-12-27,178.29287719726562,336.2891540527344
2021-12-28,177.26461791992188,335.1106872558594
2021-12-29,177.35360717773438,335.79815673828125
2021-12-30,176.1869354248047,333.2154235839844
2021-12-31,175.56407165527344,330.26947021484375
2022-01-03,179.95388793945312,328.7276916503906
2022-01-04,177.66998291015625,323.0909423828125
2022-01-05,172.94400024414062,310.68817138671875
2022-01-06,170.05694580078125,308.2331237792969
2022-01-07,170.22503662109375,308.3902282714844
2022-01-10,170.2448272705078,308.6161193847656
2022-01-11,173.1021728515625,309.3133544921875
2022-01-12,173.54710388183594,312.54412841796875
2022-01-13,170.2448272705078,299.31646728515625
2022-01-14,171.11489868164062,304.619384765625
2022-01-18,167.8818359375,297.20513916015625
2022-01-19,164.35215759277344,297.8729248046875
2022-01-20,162.65158081054688,296.1740417480469
2022-01-21,160.57533264160156,290.7042236328125
2022-01-24,159.79420471191406,291.03814697265625
2022-01-25,157.9750213623047,283.2998962402344
2022-01-26,157.8860321044922,291.37200927734375
2022-01-27,157.42132568359375,294.4457092285156
2022-01-28,168.4058380126953,302.7142333984375
2022-01-31,172.80555725097656,305.3852844238281
2022-02-01,172.63748168945312,303.20526123046875
2022-02-02,173.85357666015625,307.8206481933594
2022-02-03,170.94679260253906,295.8303527832031
2022-02-04,170.6597137451172,300.4360046386719
2022-02-07,169.93704223632812,295.5357360839844
2022-02-08,173.0752410888672,299.0807800292969
2022-02-09,174.51068115234375,305.61114501953125
2022-02-10,170.39244079589844,296.94000244140625
2022-02-11,166.94735717773438,289.7320861816406
2022-02-14,167.1849365234375,289.6927490234375
2022-02-15,171.0557098388672,295.06439208984375
2022-02-16,170.81814575195312,294.719970703125
2022-02-17,167.1849365234375,286.0899353027344
2022-02-18,165.6208038330078,283.3345947265625
2022-02-22,162.67074584960938,283.1279602050781
2022-02-23,158.46339416503906,275.796875
2022-02-24,161.10658264160156,289.8882751464844
2022-02-25,163.19541931152344,292.56494140625
2022-02-28,163.4626922607422,294.0212707519531
2022-03-01,161.56198120117188,290.2425537109375
2022-03-02,164.8882598876953,295.39898681640625
2022-03-03,164.56155395507812,291.1971130371094
2022-03-04,161.5322265625,285.2337951660156
2022-03-07,157.70111083984375,274.4585876464844
2022-03-08,155.85977172851562,271.4473876953125
2022-03-09,161.31446838378906,283.89556884765625
2022-03-10,156.928955078125,281.031982421875
2022-03-11,153.17698669433594,275.6000671386719
2022-03-14,149.10821533203125,272.0279846191406
2022-03-15,153.53335571289062,282.56707763671875
2022-03-16,157.98818969726562,289.6915283203125
2022-03-17,159.0078582763672,290.50830078125
2022-03-18,162.33413696289062,295.6351318359375
2022-03-21,163.7200927734375,294.3853759765625
2022-03-22,167.12554931640625,299.20721435546875
2022-03-23,168.50161743164062,294.7101135253906
2022-03-24,172.32286071777344,299.24658203125
2022-03-25,172.9663543701172,298.8332824707031
2022-03-28,173.83749389648438,305.7412109375
2022-03-29,177.1637725830078,310.3760986328125
2022-03-30,175.98573303222656,308.85076904296875
2022-03-31,172.85743713378906,303.3893737792969
2022-04-01,172.56044006347656,304.4815979003906
2022-04-04,176.64898681640625,309.9430847167969
2022-04-05,173.3029327392578,305.9183349609375
2022-04-06,170.1053466796875,294.719970703125
2022-04-07,170.41224670410156,296.56011962890625
2022-04-08,168.3828125,292.2303161621094
2022-04-11,164.08636474609375,280.7073059082031
2022-04-12,165.9772186279297,277.5583190917969
2022-04-13,168.68968200683594,283.02960205078125
2022-04-14,163.6309814453125,275.3638916015625
2022-04-18,163.4132080078125,276.0428466796875
2022-04-19,165.71981811523438,280.7466125488281
2022-04-20,165.551513671875,281.7897033691406
2022-04-21,164.7496337890625,276.32830810546875
2022-04-22,160.16610717773438,269.656494140625
2022-04-25,161.24517822265625,276.2397155761719
2022-04-26,155.2261962890625,265.9072570800781
2022-04-27,154.99851989746094,278.6997985839844
2022-04-28,161.99754333496094,285.00750732421875
2022-04-29,156.0676727294922,273.0907897949219
2022-05-02,156.3745574951172,279.92987060546875
2022-05-03,157.87928771972656,277.2828063964844
2022-05-04,164.35365295410156,285.3519287109375
2022-05-05,155.19650268554688,272.9234924316406
2022-05-06,155.93016052246094,270.3453063964844
2022-05-09,150.7549285888672,260.3572692871094
2022-05-10,153.1839141845703,265.1987609863281
2022-05-11,145.24267578125,256.3915710449219
2022-05-12,141.33648681640625,251.27459716796875
2022-05-13,145.84742736816406,256.9525146484375
2022-05-16,144.29090881347656,257.326416015625
2022-05-17,147.9591522216797,262.5615539550781
2022-05-18,139.61143493652344,250.60720825195312
2022-05-19,136.17120361328125,249.68003845214844
2022-05-20,136.4091339111328,249.1079864501953
2022-05-23,141.8817596435547,257.0874328613281
2022-05-24,139.1553497314453,256.07147216796875
2022-05-25,139.3140106201172,258.9318542480469
2022-05-26,142.54603576660156,262.2656555175781
2022-05-27,148.35572814941406,269.5053405761719
2022-05-31,147.5625762939453,268.15399169921875
2022-06-01,147.43373107910156,268.696533203125
2022-06-02,149.91224670410156,270.82696533203125
2022-06-03,144.13229370117188,266.3293151855469
2022-06-06,144.88577270507812,265.07672119140625
2022-06-07,147.43373107910156,268.7754821777344
2022-06-08,146.69012451171875,266.71405029296875
2022-06-09,141.4158172607422,261.17083740234375
2022-06-10,135.95310974121094,249.5321044921875
2022-06-13,130.74815368652344,238.94876098632812
2022-06-14,131.62057495117188,241.14828491210938
2022-06-15,134.2676544189453,248.31890869140625
2022-06-16,128.9437713623047,241.62171936035156
2022-06-17,130.43089294433594,244.2650909423828
2022-06-21,134.7039031982422,250.27186584472656
2022-06-22,134.18836975097656,249.67019653320312
2022-06-23,137.0832977294922,255.32183837890625
2022-06-24,140.4442138671875,264.04107666015625
2022-06-27,140.4442138671875,261.26947021484375
2022-06-28,136.2604217529297,252.97439575195312
2022-06-29,138.03506469726562,256.7027282714844
2022-06-30,135.54661560058594,253.31961059570312
2022-07-01,137.7376251220703,256.0320129394531
2022-07-05,140.34507751464844,259.25732421875
2022-07-06,141.69338989257812,262.5713806152344
2022-07-07,145.09396362304688,264.73150634765625
2022-07-08,145.7780303955078,264.0015869140625
2022-07-11,143.62664794921875,260.8946838378906
2022-07-12,144.608154296875,250.20281982421875
2022-07-13,144.2413330078125,249.26580810546875
2022-07-14,147.1957550048828,250.60720825195312
2022-07-15,148.88116455078125,253.2111358642578
2022-07-18,145.80780029296875,250.77488708496094
2022-07-19,149.70404052734375,255.98275756835938
2022-07-20,151.72654724121094,258.6852722167969
2022-07-21,154.01670837402344,261.2201232910156
2022-07-22,152.7675323486328,256.8013916015625
2022-07-25,151.6373291015625,255.29226684570312
2022-07-26,150.2989044189453,248.4569854736328
2022-07-27,155.4443359375,265.0668029785156
2022-07-28,155.99957275390625,272.63201904296875
2022-07-29,161.11524963378906,276.9028015136719
2022-08-01,160.1238250732422,274.2101745605469
2022-08-02,158.63670349121094,271.0637512207031
2022-08-03,164.70419311523438,278.609130859375
2022-08-04,164.38693237304688,279.7730407714844
2022-08-05,164.1586151123047,279.0431213378906
2022-08-08,163.6820526123047,276.488525390625
2022-08-09,163.731689453125,278.4414367675781
2022-08-10,168.0205841064453,285.2077331542969
2022-08-11,167.27597045898438,283.09698486328125
2022-08-12,170.85997009277344,287.92010498046875
2022-08-15,171.9420928955078,289.45880126953125
2022-08-16,171.7832489013672,288.70916748046875
2022-08-17,173.2923126220703,287.9480895996094
2022-08-18,172.8951873779297,286.8114318847656
2022-08-19,170.2841339111328,282.83795166015625
2022-08-22,166.36260986328125,274.5351867675781
2022-08-23,166.02503967285156,273.2403259277344
2022-08-24,166.3228759765625,272.5978698730469
2022-08-25,168.8048858642578,275.6224365234375
2022-08-26,162.4410400390625,264.9869689941406
2022-08-29,160.2172088623047,262.1601257324219
2022-08-30,157.7650146484375,259.92626953125
2022-08-31,156.08717346191406,258.4436340332031
2022-09-01,156.8218536376953,257.385986328125
2022-09-02,154.68731689453125,253.09622192382812
2022-09-06,153.4165496826172,250.31874084472656
2022-09-07,154.83624267578125,255.1027374267578
2022-09-08,153.34707641601562,255.52774047851562
2022-09-09,156.23609924316406,261.39898681640625
2022-09-12,162.25241088867188,263.56365966796875
2022-09-13,152.7315216064453,249.07333374023438
2022-09-14,154.19093322753906,249.30068969726562
2022-09-15,151.2720947265625,242.5398406982422
2022-09-16,149.6141357421875,241.90725708007812
2022-09-19,153.3668975830078,241.68980407714844
2022-09-20,155.7694854736328,239.6437530517578
2022-09-21,152.61239624023438,236.18426513671875
2022-09-22,151.6394500732422,238.1907501220703
2022-09-23,149.3460693359375,235.16619873046875
2022-09-26,149.68365478515625,234.70162963867188
2022-09-27,150.66650390625,233.67367553710938
2022-09-28,148.76034545898438,238.27975463867188
2022-09-29,141.45338439941406,234.7510528564453
2022-09-30,137.20420837402344,230.20428466796875
2022-10-03,141.423583984375,237.95355224609375
2022-10-04,145.04730224609375,245.9993438720703
2022-10-05,145.34512329101562,246.31561279296875
2022-10-06,144.3821258544922,243.9335174560547
2022-10-07,139.0806121826172,231.52879333496094
2022-10-10,139.408203125,226.59654235839844
2022-10-11,137.9785919189453,222.80099487304688
2022-10-12,137.3432159423828,223.13706970214844
2022-10-13,141.959716796875,231.52879333496094
2022-10-14,137.38291931152344,225.9145050048828
2022-10-17,141.38389587402344,234.78070068359375
2022-10-18,142.7142333984375,235.73948669433594
2022-10-19,142.8234405517578,233.74285888671875
2022-10-20,142.35682678222656,233.41665649414062
2022-10-21,146.20887756347656,239.31759643554688
2022-10-24,148.37315368652344,244.38821411132812
2022-10-25,151.24234008789062,247.75872802734375
2022-10-26,148.2738800048828,228.642578125
2022-10-27,143.7566680908203,224.12547302246094
2022-10-28,154.6178436279297,233.13990783691406
2022-10-31,152.23512268066406,229.44320678710938
2022-11-01,149.56451416015625,225.52903747558594
2022-11-02,143.98500061035156,217.5524444580078
2022-11-03,137.8793182373047,211.77015686035156
2022-11-04,137.61082458496094,218.82752990722656
2022-11-07,138.14779663085938,225.23251342773438
2022-11-08,138.72459411621094,226.22093200683594
2022-11-09,134.12033081054688,221.91139221191406
2022-11-10,146.0536346435547,240.16761779785156
2022-11-11,148.86790466308594,244.24981689453125
2022-11-14,147.45579528808594,238.75418090820312
2022-11-15,149.2060089111328,239.16929626464844
2022-11-16,147.96295166015625,239.60543823242188
2022-11-17,149.8822479248047,239.55587768554688
2022-11-18,150.4490509033203,239.09991455078125
2022-11-21,147.1873016357422,239.92262268066406
2022-11-22,149.34523010253906,242.87643432617188
2022-11-23,150.2303009033203,245.40402221679688
2022-11-25,147.2867431640625,245.3148193359375
2022-11-28,143.41835021972656,239.6351776123047
2022-11-29,140.38531494140625,238.21775817871094
2022-11-30,147.20718383789062,252.89756774902344
2022-12-01,147.4856414794922,252.45152282714844
2022-12-02,146.98841857910156,252.7786407470703
2022-12-05,145.81495666503906,248.00100708007812
2022-12-06,142.11566162109375,242.9656219482422
2022-12-07,140.15660095214844,242.22222900390625
2022-12-08,141.85708618164062,245.22560119628906
2022-12-09,141.3698272705078,243.2630157470703
2022-12-12,143.68685913085938,250.2906951904297
2022-12-13,144.6614227294922,254.6619415283203
2022-12-14,142.4139862060547,254.9593048095703
2022-12-15,135.7412567138672,246.8214569091797
2022-12-16,133.7623291015625,242.5394287109375
2022-12-19,131.6342315673828,238.33668518066406
2022-12-20,131.5646209716797,239.67483520507812
2022-12-21,134.6970977783203,242.2816925048828
2022-12-22,131.49501037597656,236.09654235839844
2022-12-23,131.12705993652344,236.63180541992188
2022-12-27,129.30723571777344,234.8773651123047
2022-12-28,125.33940887451172,232.4687042236328
2022-12-29,128.8895721435547,238.89175415039062
2022-12-30,129.20777893066406,237.71221923828125
